Model,Backend,Avg Preprocess (ms),Avg Inference (ms),Avg Postprocess (ms),Total (ms),FPS
Faster_RCNN_ResNet50,PyTorch Faster-RCNN (CPU),9.396381378173828,5592.5921630859375,0.2173900604248047,5602.205934524536,0.17850111396964755
SSD300_VGG16,PyTorch SSD300 (CPU),7.292261123657227,860.8821868896484,0.1524066925048828,868.3268547058105,1.151640070303711
