Model,Backend,Avg Preprocess (ms),Avg Inference (ms),Avg Postprocess (ms),Total (ms),FPS
Faster_RCNN_ResNet50,PyTorch Faster-RCNN (CPU),6.634206771850586,5514.01406288147,0.225372314453125,5520.873641967773,0.18113075300226864
SSD300_VGG16,PyTorch SSD300 (CPU),5.869846343994141,853.5239219665527,0.1340007781982422,859.5277690887451,1.1634295434808126
