Model,Backend,Avg Preprocess (ms),Avg Inference (ms),Avg Postprocess (ms),Total (ms),FPS
YOLOv5n,PyTorch (CPU),5.309286117553711,396.27625942230225,0.4693794250488281,402.0549249649048,2.487222361689238
YOLOv8n,PyTorch (CPU),5.138587951660156,422.3501420021057,0.4675149917602539,427.9562449455261,2.3366874810467797
YOLO11n,PyTorch (CPU),5.179040431976318,397.8690242767334,0.4739212989807129,403.52198600769043,2.4781797143041957
yolo_custom,PyTorch (CPU),5.254101753234863,195.03443956375122,0.4538130760192871,200.74235439300537,4.981509771685949
YOLOv5n,ONNX (CPU),5.032322406768799,130.5903434753418,0.45505285263061523,136.0777187347412,7.348741655122234
YOLOv8n,ONNX (CPU),4.882321357727051,140.55959939956665,0.46196699142456055,145.90388774871826,6.85382696396851
YOLO11n,ONNX (CPU),4.8732805252075195,140.7793664932251,0.46350717544555664,146.11615419387817,6.843870244991002
yolo_custom,ONNX (CPU),4.890286922454834,64.59010124206543,0.45656442642211914,69.93695259094238,14.29859270318723
