Model,Backend,Avg Preprocess (ms),Avg Inference (ms),Avg Postprocess (ms),Total (ms),FPS
YOLO5n,OpenVINO (CPU),4.923691749572754,64.7231674194336,0.46290159225463867,70.10976076126099,14.263349199054009
YOLO8n,OpenVINO (CPU),4.923713207244873,67.02778816223145,0.46590089797973633,72.41740226745605,13.80883556561092
YOLO11n,OpenVINO (CPU),4.881384372711182,67.61988401412964,0.4629850387573242,72.96425342559814,13.705341356225933
yolo_custom,OpenVINO (CPU),4.8866987228393555,38.64779472351074,0.44119834899902344,43.97569179534912,22.73983555855647
YOLO5n,NCNN (CPU (4t)),6.310622692108154,65.69162845611572,0.5408358573913574,72.54308700561523,13.784911027050647
YOLO8n,NCNN (CPU (4t)),6.510486602783203,66.4368724822998,0.5240631103515625,73.47142219543457,13.610734216359553
YOLO11n,NCNN (CPU (4t)),6.272714138031006,66.0630989074707,0.5333876609802246,72.86920070648193,13.72321900480304
yolo_custom,NCNN (CPU (4t)),5.963754653930664,35.11194705963135,0.5295681953430176,41.60526990890503,24.035416719793083
