model_combination,detector,classifier,num_test_images,mean_precision,mean_recall,mean_f1,fps,mAP50,mAP50-95
model.ncnn+resnet18,model.ncnn,resnet18,639,0.9469501934911346,0.7407328522744968,0.8022817985830555,12.60498554849156,0.8238735723489319,0.6019988444053413
model.ncnn+shufflenetv2,model.ncnn,shufflenetv2,639,0.877931064030524,0.7451132538024888,0.7894809767213634,16.832775351987017,0.8002703206202461,0.5738780787280051
