model_combination,detector,classifier,num_test_images,mean_precision,mean_recall,mean_f1,fps,mAP50,mAP50-95
model.ncnn+resnet18,model.ncnn,resnet18,0,,,,0.0,0.0,0.0
model.ncnn+resnet18,model.ncnn,resnet18,3019,0.8890064084058961,0.8148956157033097,0.8399574397905778,10.662247182355417,0.8246880844945464,0.6112713136051316
model.ncnn+shufflenetv2,model.ncnn,shufflenetv2,3019,0.8612568967274795,0.8089649286079355,0.8256871672070372,13.228629000506297,0.808121863311779,0.5958094917862605
