Model,Backend,Avg Preprocess (ms),Avg Inference (ms),Avg Postprocess (ms),Total (ms),FPS
YOLOv5n,PyTorch (CPU),5.136616230010986,393.0105495452881,0.4694938659667969,398.61665964126587,2.5086758814846015
YOLOv8n,PyTorch (CPU),5.123941898345947,422.29387760162354,0.4592299461364746,427.87704944610596,2.3371199770927578
YOLO11n,PyTorch (CPU),5.1279616355896,397.209415435791,0.4676222801208496,402.80499935150146,2.4825908357889217
yolo_custom,PyTorch (CPU),5.092887878417969,193.8279366493225,0.455014705657959,199.37583923339844,5.015652868697669
YOLOv5n,ONNX (CPU),5.021727085113525,130.4137420654297,0.4557156562805176,135.89118480682373,7.358829061808175
YOLOv8n,ONNX (CPU),4.817414283752441,138.94834518432617,0.46663761138916016,144.23239707946777,6.933255081720854
YOLO11n,ONNX (CPU),4.796171188354492,140.78402280807495,0.46404600143432617,146.04423999786377,6.847240260996444
yolo_custom,ONNX (CPU),4.886300563812256,64.38390254974365,0.46041250228881836,69.73061561584473,14.340903076334985
