Model,Backend,Avg Preprocess (ms),Avg Inference (ms),Avg Postprocess (ms),Total (ms),FPS
YOLO5n,OpenVINO (CPU),7.906253337860108,65.38510084152222,0.43874025344848633,73.73009443283081,13.562982764263438
YOLO8n,OpenVINO (CPU),7.790176868438721,67.16257572174072,0.4414939880371094,75.39424657821655,13.263611553735284
YOLO11n,OpenVINO (CPU),7.777841091156006,67.55022048950195,0.43260812759399414,75.76066970825195,13.199460932049796
yolo_custom,OpenVINO (CPU),7.829191684722901,56.19951009750366,0.4331374168395996,64.46183919906616,15.513054117365096
YOLO5n,NCNN (CPU (4t)),8.860471248626709,65.71872234344482,0.5125713348388672,75.0917649269104,13.317039504575996
YOLO8n,NCNN (CPU (4t)),8.722946643829346,65.36087989807129,0.5373787879943848,74.62120532989502,13.401016448060192
YOLO11n,NCNN (CPU (4t)),9.05289888381958,65.6359338760376,0.524442195892334,75.21327495574951,13.295525299068993
yolo_custom,NCNN (CPU (4t)),8.804078102111816,50.61785936355591,0.5065035820007324,59.92844104766846,16.68656788860196
